emberling	Emberling	fire	rare
pyrowyrm	Pyrowyrm	fire	epic
finnik	Finnik	water	rare
tidecaller	Tidecaller	water	epic
sporelet	Sporelet	nature	rare
mycobloom	Mycobloom	nature	epic
sporeking	Sporeking	nature	exotic
gloop	Gloop	nature	common
spikegloop	Spikegloop	nature	rare
chirpling	Chirpling	wind	common
pecklet	Pecklet	earth	common
hopscotch	Hopscotch	wind	common
pricklet	Pricklet	nature	common
saguardian	Saguardian	nature	rare
voltcat	Voltcat	storm	common
monkroose	Monkroose	earth	common
impling	Impling	fire	common
hellion	Hellion	fire	rare
gloomling	Gloomling	void	common
gloomlord	Gloomlord	void	rare
grunt	Grunt	earth	common
warlord	Warlord	earth	rare
cinderquid	Cinderquid	fire	common
glub	Glub	water	common
glubbernaut	Glubbernaut	water	rare
croakus	Croakus	water	common
bubblin	Bubblin	water	common
alpuff	Alpuff	wind	common
alpaqueen	Alpaqueen	wind	rare
whirlie	Whirlie	water	common
zapbee	Zapbee	storm	common
voltarmor	Voltarmor	storm	rare
zorp	Zorp	storm	common
xenobolt	Xenobolt	storm	rare
frostling	Frostling	wind	common
glaciator	Glaciator	wind	rare
shadekin	Shadekin	wind	common
shinobi	Shinobi	wind	rare
sparkmage	Sparkmage	storm	common
wisp	Wisp	void	common
magmallow	Magmallow	fire	epic
mosslime	Mosslime	nature	epic
zapjelly	Zapjelly	storm	epic
umbrajelly	Umbrajelly	void	exotic
sandgloop	Sandgloop	earth	rare
frostpeck	Frostpeck	wind	rare
ashwing	Ashwing	fire	rare
moonhop	Moonhop	void	epic
mirecroak	Mirecroak	void	rare
dunecat	Dunecat	earth	rare
magmaglub	Magmaglub	fire	rare
sunbee	Sunbee	fire	rare
dustwhirl	Dustwhirl	wind	rare
frostwisp	Frostwisp	wind	epic
glowcap	Glowcap	void	epic
emberjaw	Emberjaw	fire	rare
trotlet	Trotlet	earth	common
loamstrider	Loamstrider	earth	rare
skymane	Skymane	wind	epic
moolet	Moolet	earth	common
bullwark	Bullwark	earth	rare
pyrox	Pyrox	fire	epic
truffly	Truffly	nature	common
dozewool	Dozewool	nature	common
snubbit	Snubbit	wind	common
gustail	Gustail	wind	rare
blizzarf	Blizzarf	wind	epic
honeybuzz	Honeybuzz	nature	common
thornet	Thornet	nature	rare
nibblet	Nibblet	earth	common
tuftumble	Tuftumble	earth	common
peakfleece	Peakfleece	earth	rare
rimehorn	Rimehorn	wind	rare
tinkertot	Tinkertot	storm	rare
cogling	Cogling	storm	common
gearbrute	Gearbrute	storm	rare
arcannon	Arcannon	storm	epic
stiltshot	Stiltshot	storm	epic
whirrbit	Whirrbit	wind	common
galegunner	Galegunner	wind	rare
dustclaw	Dustclaw	earth	common
quakemaw	Quakemaw	earth	epic
scorchclaw	Scorchclaw	fire	rare
hornwall	Hornwall	earth	common
kilnback	Kilnback	fire	rare
thrumcrest	Thrumcrest	storm	common
thunderneck	Thunderneck	storm	epic
duneplod	Duneplod	earth	common
boltstripe	Boltstripe	storm	common
bonelet	Bonelet	void	common
bonewarden	Bonewarden	void	rare
hexbones	Hexbones	void	epic
rattlecloak	Rattlecloak	wind	epic
squeakwing	Squeakwing	void	common
hissling	Hissling	nature	common
weblin	Weblin	void	common
skullbop	Skullbop	void	common
blorp	Blorp	void	common
gobblorp	Gobblorp	void	rare
glenhart	Glenhart	nature	rare
aurorhart	Aurorhart	wind	exotic
clacker	Clacker	water	common
sandclack	Sandclack	earth	rare
gildfin	Gildfin	water	common
mirrorscale	Mirrorscale	water	rare
magmascale	Magmascale	fire	epic
quillpuff	Quillpuff	water	common
sunbasker	Sunbasker	water	rare
chompsy	Chompsy	water	common
grinfin	Grinfin	water	rare
lanterngulp	Lanterngulp	void	exotic
hobsnap	Hobsnap	void	exotic
bellowdeep	Bellowdeep	water	exotic
barbelmail	Barbelmail	earth	common
emberspine	Emberspine	fire	rare
skysail	Skysail	wind	rare
skimgull	Skimgull	wind	common
saltfox	Saltfox	water	rare
shellback	Shellback	water	common
reefwarden	Reefwarden	water	rare
coralclack	Coralclack	water	rare
jestfin	Jestfin	water	common
lancefin	Lancefin	water	rare
inkwhirl	Inkwhirl	void	rare
fawnlet	Fawnlet	nature	common
mossbuck	Mossbuck	nature	rare
bramblewolf	Bramblewolf	nature	common
thornfang	Thornfang	nature	rare
lanternfox	Lanternfox	fire	rare
hootsage	Hootsage	wind	rare
mosshulk	Mosshulk	nature	rare
geodgloop	Geodgloop	earth	rare
glimfox	Glimfox	storm	rare
shardmaw	Shardmaw	earth	rare
prismbat	Prismbat	storm	rare
quartzback	Quartzback	earth	rare
galeherald	Galeherald	wind	rare
stormhowl	Stormhowl	storm	epic
stormray	Stormray	storm	epic
haloling	Haloling	void	epic
wardenshade	Wardenshade	void	epic
tidesinger	Tidesinger	water	legendary
sylvan_hart	Sylvan Hart	nature	legendary
prism_wyrm	Prism Wyrm	storm	legendary
verdant_rex	Verdant Rex	nature	legendary
ember_totem	Ember Totem	fire	legendary
deepcaller	Deepcaller	water	legendary
mire_prince	Mire Prince	void	legendary
dune_titan	Dune Titan	earth	legendary
storm_seraph	Storm Seraph	storm	legendary
thornjaw	Thornjaw Rex	nature	legendary	BOSS
ashen_totem	Ashen Totem	fire	legendary	BOSS
abyssal_tyrant	Abyssal Tyrant	water	legendary	BOSS
bog_sovereign	Bog Sovereign	void	legendary	BOSS
sandjaw	Sandjaw Colossus	earth	legendary	BOSS
stormcrown	Stormcrown	storm	legendary	BOSS
bellwyrm	Bellwyrm	water	legendary	BOSS
elder_stag	Elder Stag	nature	legendary	BOSS
geode_colossus	Geode Colossus	earth	legendary	BOSS
aether_sovereign	Aether Sovereign	storm	legendary	BOSS
TOTAL 160
